Category,Sub-category,WRESL Files
Hydrology,Climate,.\common\hydrology\hydrology.wresl
Hydrology,Climate,.\run\Wytypes\wytypes.wresl
Hydrology,Climate,.\run\Delta\DeltaExtFuncs_7inpANNslr45cm.wresl
Hydrology,Climate,.\run\Delta\DeltaExtFuncs_7inpANNslr15cm.wresl
Hydrology,Climate,.\run\Delta\DeltaExtFuncs_7inpANN_roa25_slr0.wresl
Hydrology,Climate,.\run\Delta\DeltaExtFuncs_7inpANN_roa0_slr0.wresl
Hydrology,Climate,.\run\Lookup\delta_index.table
Hydrology,Climate,.\run\Lookup\eightriver.table
Hydrology,Climate,.\run\Lookup\feather_runoff_forecast.table
Hydrology,Climate,.\run\Lookup\sacramento_runoff_forecast.table
Hydrology,Climate,.\run\Lookup\SacValleyIndex.table
Hydrology,Climate,.\run\Wytypes\wytypes.table
Hydrology,Climate,.\run\Lookup\wytypeSJR.table
Hydrology,Climate,.\run\Lookup\wytypeSJRave5.table
Hydrology,Climate,.\run\Lookup\wytypeSJR_Rest.table
Hydrology,Climate,.\run\Lookup\wytypeTRIN.table
Hydrology,Climate,.\run\Lookup\wytypeSnow.table
Hydrology,Climate,.\run\Lookup\wytypeDefic.table
Hydrology,Climate,.\run\Lookup\wytypeD1485.table
Hydrology,System Connectivity,.\run\CCWD\CalLiteConnection.wresl
Hydrology,System Connectivity,.\run\CCWD\LVM_System.wresl
Hydrology,System Connectivity,.\run\CCWD\system\Weight-table.wresl
Hydrology,System Connectivity,.\run\CCWD\system\Reservoir-table.wresl
Hydrology,System Connectivity,.\run\CCWD\system\Inflow-table.wresl
Hydrology,System Connectivity,.\run\CCWD\system\Delivery-table.wresl
Hydrology,System Connectivity,.\run\CCWD\system\Connectivity-table.wresl
Hydrology,System Connectivity,.\run\CCWD\system\Channel-table.wresl
Hydrology,System Connectivity,.\run\CCWD\system\CCWD_system.wresl
Hydrology,System Connectivity,.\run\System\Weight-table.wresl
Hydrology,System Connectivity,.\run\System\System.wresl
Hydrology,System Connectivity,.\run\System\SOD_SWP_Terminal_Res_Ops.wresl
Hydrology,System Connectivity,.\run\System\Reservoir-table.wresl
Hydrology,System Connectivity,.\run\System\Inflow-table.wresl
Hydrology,System Connectivity,.\run\System\Delivery-table.wresl
Hydrology,System Connectivity,.\run\System\Cycle1thru5SystemDefsLocal.wresl
Hydrology,System Connectivity,.\run\System\Connectivity-table.wresl
Hydrology,System Connectivity,.\run\System\Channel-table.wresl
Hydrology,System Connectivity,.\run\System\AccrDepl-table.wresl
Hydrology,System Connectivity,.\run\System_SJR\system_SJR.wresl
Hydrology,System Connectivity,.\run\System_SJR\SystemTables_SJR\Weight-table.wresl
Hydrology,System Connectivity,.\run\System_SJR\SystemTables_SJR\return-table.wresl
Hydrology,System Connectivity,.\run\System_SJR\SystemTables_SJR\Reservoir-table.wresl
Hydrology,System Connectivity,.\run\System_SJR\SystemTables_SJR\Inflow-table.wresl
Hydrology,System Connectivity,.\run\System_SJR\SystemTables_SJR\DMC_MP.wresl
Hydrology,System Connectivity,.\run\System_SJR\SystemTables_SJR\Delivery-table.wresl
Hydrology,System Connectivity,.\run\System_SJR\SystemTables_SJR\Connectivity-table.wresl
Hydrology,System Connectivity,.\run\System_SJR\SystemTables_SJR\Channel-table.wresl
Hydrology,System Connectivity,.\run\System_SJR\SystemTables_SJR\AccrDepl-table.wresl
Demands,North of Delta,.\run\hydrology\Demands\demands_WilkinsSlough_defs.wresl
Demands,North of Delta,.\run\hydrology\Demands\demands_WilkinsSlough.wresl
Demands,North of Delta,.\run\hydrology\Demands\demands_sum_SacAme_Folsm_Nimbus.wresl
Demands,North of Delta,.\run\hydrology\Demands\demands_RedBlf_defs.wresl
Demands,North of Delta,.\run\hydrology\Demands\demands_RedBlf.wresl
Demands,North of Delta,.\run\hydrology\Demands\demands_defs_cyc1.wresl
Demands,North of Delta,.\run\hydrology\Demands\demands_defs.wresl
Demands,North of Delta,.\run\hydrology\Demands\demands_70_defs.wresl
Demands,North of Delta,.\run\hydrology\Demands\demands_70.wresl
Demands,North of Delta,.\run\hydrology\Demands\demands_69_defs.wresl
Demands,North of Delta,.\run\hydrology\Demands\demands_69.wresl
Demands,North of Delta,.\run\hydrology\Demands\demands_65_defs.wresl
Demands,North of Delta,.\run\hydrology\Demands\demands_65.wresl
Demands,North of Delta,.\run\hydrology\Demands\demands.wresl
Demands,North of Delta,.\run\hydrology\FORECAST\CVPforecasts.wresl
Demands,North of Delta,.\run\hydrology\Refuges\refuges.wresl
Demands,North of Delta,.\run\hydrology\Refuges\refuge_defs.wresl
Demands,North of Delta,.\run\hydrology\WEIRS\weir_steps_monthops.wresl
Demands,North of Delta,.\run\hydrology\WEIRS\weir_steps_dailyops_UPSTREAM.wresl
Demands,North of Delta,.\run\hydrology\WEIRS\weir_steps_dailyops_Daily1.wresl
Demands,North of Delta,.\run\hydrology\WEIRS\weir_steps_dailyops_BASE_init.wresl
Demands,North of Delta,.\run\hydrology\WEIRS\weir_steps_dailyops_BASE.wresl
Demands,North of Delta,.\run\hydrology\WEIRS\weir_steps_dailyops_B2_BO.wresl
Demands,North of Delta,.\run\hydrology\WEIRS\weir_steps_dailyops.wresl
Demands,North of Delta,.\run\hydrology\WEIRS\read_dailypattern_SacRFreeport.wresl
Demands,San Joaquin River,.\run\SanJoaquin\Timeseries_SJR_Setup.wresl
Demands,San Joaquin River,.\run\SanJoaquin\SanJoaquinCoreB.wresl
Demands,San Joaquin River,.\run\SanJoaquin\SanJoaquinCoreA.wresl
Demands,San Joaquin River,.\run\SanJoaquin\SanJoaquinAddCyc6.wresl
Demands,San Joaquin River,.\run\SanJoaquin\Dynamic_SJR_Setup_cyc6.wresl
Demands,San Joaquin River,.\run\SanJoaquin\Dynamic_SJR_Setup.wresl
Demands,San Joaquin River,.\run\SanJoaquin\Calaveras\Calaveras_Dems_StocktonDWSP.wresl
Demands,San Joaquin River,.\run\SanJoaquin\Calaveras\Calaveras_Dems.wresl
Demands,San Joaquin River,.\run\SanJoaquin\Delta\ZeroAOWater.wresl
Demands,San Joaquin River,.\run\SanJoaquin\Delta\DWSP_Term91.wresl
Demands,San Joaquin River,.\run\SanJoaquin\Delta\DWSP_arc_split.wresl
Demands,San Joaquin River,.\run\SanJoaquin\Delta\COSMA_zeroset.wresl
Demands,San Joaquin River,.\run\SanJoaquin\Delta\COSMA_restrict_c6_c7.wresl
Demands,San Joaquin River,.\run\SanJoaquin\Delta\COSMA_restrict.wresl
Demands,San Joaquin River,.\run\SanJoaquin\Delta\COSMA_dmd.wresl
Demands,San Joaquin River,.\run\SanJoaquin\Friant\SJRR_Rest_off.wresl
Demands,San Joaquin River,.\run\SanJoaquin\Friant\SJRR_Rest.wresl
Demands,San Joaquin River,.\run\SanJoaquin\Friant\SJR_Rest_VAMPDO_Local.wresl
Demands,San Joaquin River,.\run\SanJoaquin\Friant\SJR_Rest_Req_Off_Local.wresl
Demands,San Joaquin River,.\run\SanJoaquin\Friant\SJR_Rest_Req_Local.wresl
Demands,San Joaquin River,.\run\SanJoaquin\Friant\SJR_Rest_Pulse_Local.wresl
Demands,San Joaquin River,.\run\SanJoaquin\Friant\SJR_Rest_Full.wresl
Demands,San Joaquin River,.\run\SanJoaquin\Friant\Restoration_16B.wresl
Demands,San Joaquin River,.\run\SanJoaquin\Friant\friant_wsf.wresl
Demands,San Joaquin River,.\run\SanJoaquin\Friant\friant_rain_fld_est.wresl
Demands,San Joaquin River,.\run\SanJoaquin\Friant\friant_operation.wresl
Demands,San Joaquin River,.\run\SanJoaquin\Friant\friant_delivery_adjustments.wresl
Demands,San Joaquin River,.\run\SanJoaquin\Friant\friant_delivery.wresl
Demands,San Joaquin River,.\run\SanJoaquin\Friant\friant_allocation.wresl
Demands,San Joaquin River,.\run\SanJoaquin\Friant\friant_adj_fld_spc.wresl
Demands,San Joaquin River,.\run\SanJoaquin\Friant\friant.wresl
Demands,San Joaquin River,.\run\SanJoaquin\Groundwater\SJRGW_restrict.wresl
Demands,San Joaquin River,.\run\SanJoaquin\IntegratedOperations\USJRS_IO_Off.wresl
Demands,San Joaquin River,.\run\SanJoaquin\IntegratedOperations\TFBypass.wresl
Demands,San Joaquin River,.\run\SanJoaquin\IntegratedOperations\SWP_IO.wresl
Demands,San Joaquin River,.\run\SanJoaquin\IntegratedOperations\SanLuisTransfers.wresl
Demands,San Joaquin River,.\run\SanJoaquin\IntegratedOperations\MWD_PM_Storage_alt1a.wresl
Demands,San Joaquin River,.\run\SanJoaquin\IntegratedOperations\MWD_PM_Storage.wresl
Demands,San Joaquin River,.\run\SanJoaquin\IntegratedOperations\MWD_PM_delivery_arcs.wresl
Demands,San Joaquin River,.\run\SanJoaquin\IntegratedOperations\Millerton_PM_Ops.wresl
Demands,San Joaquin River,.\run\SanJoaquin\IntegratedOperations\IO_Transfer_Rules.wresl
Demands,San Joaquin River,.\run\SanJoaquin\IntegratedOperations\IO_Control.wresl
Demands,San Joaquin River,.\run\SanJoaquin\IntegratedOperations\IntegratedOperationsTXFR.wresl
Demands,San Joaquin River,.\run\SanJoaquin\IntegratedOperations\IntegratedOperationsCyc6.wresl
Demands,San Joaquin River,.\run\SanJoaquin\IntegratedOperations\IntegratedOperationsCyc1.wresl
Demands,San Joaquin River,.\run\SanJoaquin\IntegratedOperations\IntegratedOperationsCommon2.wresl
Demands,San Joaquin River,.\run\SanJoaquin\IntegratedOperations\IntegratedOperationsCommon1.wresl
Demands,San Joaquin River,.\run\SanJoaquin\IntegratedOperations\Int_Control_03.wresl
Demands,San Joaquin River,.\run\SanJoaquin\IntegratedOperations\Int_Control_02.wresl
Demands,San Joaquin River,.\run\SanJoaquin\IntegratedOperations\Int_Control_01.wresl
Demands,San Joaquin River,.\run\SanJoaquin\IntegratedOperations\Int_Control_00.wresl
Demands,San Joaquin River,.\run\SanJoaquin\IntegratedOperations\GWB_IO_Off.wresl
Demands,San Joaquin River,.\run\SanJoaquin\IntegratedOperations\GroundwaterBanking.wresl
Demands,San Joaquin River,.\run\SanJoaquin\IntegratedOperations\FK_del_dist50.wresl
Demands,San Joaquin River,.\run\SanJoaquin\IntegratedOperations\FK_del_dist25.wresl
Demands,San Joaquin River,.\run\SanJoaquin\IntegratedOperations\FK_del_dist.wresl
Demands,San Joaquin River,.\run\SanJoaquin\IntegratedOperations\Fix_IO_WHL.wresl
Demands,San Joaquin River,.\run\SanJoaquin\IntegratedOperations\Fix_IO_T1.wresl
Demands,San Joaquin River,.\run\SanJoaquin\IntegratedOperations\Exports.wresl
Demands,San Joaquin River,.\run\SanJoaquin\IntegratedOperations\DirectCirculation.wresl
Demands,San Joaquin River,.\run\SanJoaquin\IntegratedOperations\CVC_off.wresl
Demands,San Joaquin River,.\run\SanJoaquin\IntegratedOperations\CVC_IO_Off.wresl
Demands,San Joaquin River,.\run\SanJoaquin\IntegratedOperations\CrossValleyConveyanceOps.wresl
Demands,San Joaquin River,.\run\SanJoaquin\IntegratedOperations\CrossValleyConveyanceArcs2.wresl
Demands,San Joaquin River,.\run\SanJoaquin\IntegratedOperations\CrossValleyConveyanceArcs.wresl
Demands,San Joaquin River,.\run\SanJoaquin\IntegratedOperations\Conv_Control_1111.wresl
Demands,San Joaquin River,.\run\SanJoaquin\IntegratedOperations\Conv_Control_1001.wresl
Demands,San Joaquin River,.\run\SanJoaquin\IntegratedOperations\Conv_Control_0111.wresl
Demands,San Joaquin River,.\run\SanJoaquin\IntegratedOperations\Conv_Control_0011.wresl
Demands,San Joaquin River,.\run\SanJoaquin\IntegratedOperations\Conv_Control_0001.wresl
Demands,San Joaquin River,.\run\SanJoaquin\IntegratedOperations\Conv_Control_0000.wresl
Demands,San Joaquin River,.\run\SanJoaquin\IntegratedOperations\Base_IO_Control.wresl
Demands,San Joaquin River,.\run\SanJoaquin\IntegratedOperations\FK_ops\FK_del_dist.wresl
Demands,San Joaquin River,.\run\SanJoaquin\IntegratedOperations\FWUA_MWD_Transfer_Ops\MWD_PM_Storage_alt1a.wresl
Demands,San Joaquin River,.\run\SanJoaquin\IntegratedOperations\FWUA_MWD_Transfer_Ops\MWD_PM_Storage.wresl
Demands,San Joaquin River,.\run\SanJoaquin\IntegratedOperations\FWUA_MWD_Transfer_Ops\MWD_PM_delivery_arcs.wresl
Demands,San Joaquin River,.\run\SanJoaquin\IntegratedOperations\FWUA_MWD_Transfer_Ops\Millerton_PM_Ops.wresl
Demands,San Joaquin River,.\run\SanJoaquin\IntegratedOperations\FWUA_MWD_Transfer_Ops\GroundwaterBanking.wresl
Demands,San Joaquin River,.\run\SanJoaquin\IntegratedOperations\FWUA_MWD_Transfer_Ops\DirectCirculation.wresl
Demands,San Joaquin River,.\run\SanJoaquin\IntegratedOperations\FWUA_MWD_Transfer_Ops\CrossValleyConveyanceOps.wresl
Demands,San Joaquin River,.\run\SanJoaquin\IntegratedOperations\FWUA_MWD_Transfer_Ops\CrossValleyConveyanceArcs.wresl
Demands,San Joaquin River,.\run\SanJoaquin\IntegratedOperations\system\system_USJRS_IO_TF279.wresl
Demands,San Joaquin River,.\run\SanJoaquin\IntegratedOperations\system\system_USJRS_IO_TF274.wresl
Demands,San Joaquin River,.\run\SanJoaquin\IntegratedOperations\system\system_USJRS_IO_Base.wresl
Demands,San Joaquin River,.\run\SanJoaquin\IntegratedOperations\system\system_FKC_IO_RESTORED.wresl
Demands,San Joaquin River,.\run\SanJoaquin\IntegratedOperations\system\system_FKC_IO.wresl
Demands,San Joaquin River,.\run\SanJoaquin\IntegratedOperations\system\CA\Weight-table.wresl
Demands,San Joaquin River,.\run\SanJoaquin\IntegratedOperations\system\CA\Connectivity-table.wresl
Demands,San Joaquin River,.\run\SanJoaquin\IntegratedOperations\system\CA\Channel-table.wresl
Demands,San Joaquin River,.\run\SanJoaquin\IntegratedOperations\system\FKC\Weight-table.wresl
Demands,San Joaquin River,.\run\SanJoaquin\IntegratedOperations\system\FKC\pressure-valve.wresl
Demands,San Joaquin River,.\run\SanJoaquin\IntegratedOperations\system\FKC\Delivery-table.wresl
Demands,San Joaquin River,.\run\SanJoaquin\IntegratedOperations\system\FKC\Connectivity-table.wresl
Demands,San Joaquin River,.\run\SanJoaquin\IntegratedOperations\system\FKC\Channel-table-RESTORED.wresl
Demands,San Joaquin River,.\run\SanJoaquin\IntegratedOperations\system\FKC\Channel-table.wresl
Demands,San Joaquin River,.\run\SanJoaquin\IntegratedOperations\system\USJRS\Weight-table.wresl
Demands,San Joaquin River,.\run\SanJoaquin\IntegratedOperations\system\USJRS\USJR_Storage_Accounting.wresl
Demands,San Joaquin River,.\run\SanJoaquin\IntegratedOperations\system\USJRS\Inflow-table.wresl
Demands,San Joaquin River,.\run\SanJoaquin\IntegratedOperations\system\USJRS\Connectivity-table.wresl
Demands,San Joaquin River,.\run\SanJoaquin\IntegratedOperations\system\USJRS\Channel-table.wresl
Demands,San Joaquin River,.\run\SanJoaquin\IntegratedOperations\system\USJRS\Base\Reservoir-table.wresl
Demands,San Joaquin River,.\run\SanJoaquin\IntegratedOperations\system\USJRS\TF274\Reservoir-table.wresl
Demands,San Joaquin River,.\run\SanJoaquin\IntegratedOperations\system\USJRS\TF279\Reservoir-table.wresl
Demands,San Joaquin River,.\run\SanJoaquin\IntegratedOperations\WQ\WQ.wresl
Demands,San Joaquin River,.\run\SanJoaquin\Mainstem\MainstemSJR_Dems.wresl
Demands,San Joaquin River,.\run\SanJoaquin\Merced\Merced_dems.wresl
Demands,San Joaquin River,.\run\SanJoaquin\Mokulumne\deliver_mok.wresl
Demands,San Joaquin River,.\run\SanJoaquin\PurchasedWater\InstreamFromOID_D1485.wresl
Demands,San Joaquin River,.\run\SanJoaquin\PurchasedWater\InstreamFromOID.wresl
Demands,San Joaquin River,.\run\SanJoaquin\ReturnFlows\WestSide_RF_Defs.wresl
Demands,San Joaquin River,.\run\SanJoaquin\ReturnFlows\WestSideReturns_stub.wresl
Demands,San Joaquin River,.\run\SanJoaquin\ReturnFlows\WestSideReturns.wresl
Demands,San Joaquin River,.\run\SanJoaquin\SouthernSJR\SouthernSJR_dems.wresl
Demands,San Joaquin River,.\run\SanJoaquin\SouthernSJR\BypassLoss.wresl
Demands,San Joaquin River,.\run\SanJoaquin\Stanislaus\Stanislaus_dems.wresl
Demands,San Joaquin River,.\run\SanJoaquin\Stanislaus\Stan_NMFS_RPA.wresl
Demands,San Joaquin River,.\run\SanJoaquin\Stanislaus\stan_FW_pulse.wresl
Demands,San Joaquin River,.\run\SanJoaquin\Stanislaus\stan_FW_min.wresl
Demands,San Joaquin River,.\run\SanJoaquin\Stanislaus\Stan_defs.wresl
Demands,San Joaquin River,.\run\SanJoaquin\Stanislaus\NewMelonesForecast.wresl
Demands,San Joaquin River,.\run\SanJoaquin\Stanislaus\DO.wresl
Demands,San Joaquin River,.\run\SanJoaquin\Tuolumne\Tuolumne_dems.wresl
Demands,San Joaquin River,.\run\SanJoaquin\Tuolumne\Tuol_FERC_pulse.wresl
Demands,San Joaquin River,.\run\SanJoaquin\Tuolumne\Tuol_FERC_min.wresl
Demands,San Joaquin River,.\run\SanJoaquin\VAMP\VAMP_transfer.wresl
Demands,San Joaquin River,.\run\SanJoaquin\VAMP\Vamp_Req.wresl
Demands,San Joaquin River,.\run\SanJoaquin\VAMP\VAMP_alloc.wresl
Demands,San Joaquin River,.\run\SanJoaquin\Various\bounds_cycles\bounds_cycle6_Disag.wresl
Demands,San Joaquin River,.\run\SanJoaquin\Various\bounds_cycles\bounds_cycle5.wresl
Demands,San Joaquin River,.\run\SanJoaquin\Various\bounds_cycles\bounds_cycle4.wresl
Demands,San Joaquin River,.\run\SanJoaquin\Various\bounds_cycles\bounds_cycle3.wresl
Demands,San Joaquin River,.\run\SanJoaquin\Various\bounds_cycles\bounds_cycle2.wresl
Demands,San Joaquin River,.\run\SanJoaquin\Various\bounds_cycles\bounds_cycle1.wresl
Demands,San Joaquin River,.\run\SanJoaquin\Various\bounds_cycles\CYCLE6\WQ_Bound_Disag.wresl
Demands,San Joaquin River,.\run\SanJoaquin\Various\bounds_cycles\CYCLE6\Vernalis_MIF.wresl
Demands,San Joaquin River,.\run\SanJoaquin\Various\bounds_cycles\CYCLE6\Vernalis_Bound.wresl
Demands,San Joaquin River,.\run\SanJoaquin\Various\bounds_cycles\CYCLE6\VAMP_Bound.wresl
Demands,San Joaquin River,.\run\SanJoaquin\Various\bounds_cycles\CYCLE6\Instream_Bound.wresl
Demands,San Joaquin River,.\run\SanJoaquin\Various\bounds_cycles\CYCLE6\EastSide_Bound.wresl
Demands,San Joaquin River,.\run\SanJoaquin\Various\CYCLEOUT\WriteCycle.wresl
Demands,San Joaquin River,.\run\SanJoaquin\Various\CYCLEOUT\cycle5out.wresl
Demands,San Joaquin River,.\run\SanJoaquin\Various\CYCLEOUT\cycle4out.wresl
Demands,San Joaquin River,.\run\SanJoaquin\Various\CYCLEOUT\cycle3out.wresl
Demands,San Joaquin River,.\run\SanJoaquin\Various\CYCLEOUT\cycle2out.wresl
Demands,San Joaquin River,.\run\SanJoaquin\Various\CYCLEOUT\cycle1out.wresl
Demands,San Joaquin River,.\run\SanJoaquin\Various\definitions\SJR_restrict.wresl
Demands,San Joaquin River,.\run\SanJoaquin\Various\definitions\SJR_GWPumpingSplits.wresl
Demands,San Joaquin River,.\run\SanJoaquin\Various\definitions\SJR_DeliverySplits.wresl
Demands,San Joaquin River,.\run\SanJoaquin\Various\definitions\SJR_ChannelSplits.wresl
Demands,San Joaquin River,.\run\SanJoaquin\Various\definitions\SJR_aggreg.wresl
Demands,San Joaquin River,.\run\SanJoaquin\Various\definitions\previous_wyt_sjr.wresl
Demands,San Joaquin River,.\run\SanJoaquin\Various\SetWSReturns\SetWSRetcycle1thru5.wresl
Demands,San Joaquin River,.\run\SanJoaquin\Various\SetWSReturns\DefinePerdelCvp1.wresl
Demands,San Joaquin River,.\run\SanJoaquin\Various\SetWSReturns\DefinePerdelCvp.wresl
Demands,San Joaquin River,.\run\SanJoaquin\Vernalis\vernalis_min.wresl
Demands,San Joaquin River,.\run\SanJoaquin\Vernalis\MercedRelease_Oct.wresl
Demands,San Joaquin River,.\run\SanJoaquin\WaterQuality\wq_defs_Disag.wresl
Demands,San Joaquin River,.\run\SanJoaquin\WaterQuality\vernalis_wqpulse_Disag.wresl
Demands,San Joaquin River,.\run\SanJoaquin\WaterQuality\vernalis_wqmin_Disag.wresl
Demands,San Joaquin River,.\run\SanJoaquin\WaterQuality\Disaggregation\WestsideReturns\WSReturnC5_stub.wresl
Demands,San Joaquin River,.\run\SanJoaquin\WaterQuality\Disaggregation\WestsideReturns\WSReturnC3_stub.wresl
Demands,San Joaquin River,.\run\SanJoaquin\WaterQuality\Disaggregation\WestsideReturns\WSReturnC2_stub.wresl
Demands,San Joaquin River,.\run\SanJoaquin\WaterQuality\Disaggregation\WestsideReturns\WSReturnC1_stub.wresl
Facilities,System-wide,
Facilities,Sacramento Valley,
Facilities,Delta Export Conveyance,
Facilities,Delta Export Conveyance,
Facilities,Delta Export Conveyance,
Facilities,Delta Export Conveyance,
Facilities,Delta Export Conveyance,
Facilities,Delta Export Conveyance,
Facilities,Delta Export Conveyance,
Facilities,Delta Export Conveyance,
Facilities,Delta Export Conveyance,
Facilities,Delta Export Conveyance,
Facilities,Delta Export Conveyance,
Facilities,Delta Export Conveyance,
Facilities,Delta Export Conveyance,
Facilities,Delta Export Conveyance,
Facilities,Delta Export Conveyance,
Facilities,Delta Export Conveyance,.\run\CCWD\UserInput.wresl
Facilities,Delta Export Conveyance,.\run\CCWD\Static_LVEM.wresl
Facilities,Delta Export Conveyance,.\run\CCWD\LVM_Ops2.wresl
Facilities,Delta Export Conveyance,.\run\CCWD\LVM_Ops1.wresl
Facilities,Delta Export Conveyance,.\run\CCWD\CCWD_Ops\CCWD_WQ_SV_readWQ.wresl
Facilities,Delta Export Conveyance,.\run\CCWD\CCWD_Ops\CCWD_WQ_SV.wresl
Facilities,Delta Export Conveyance,.\run\CCWD\CCWD_Ops\CCWD_WQ_ops.wresl
Facilities,Delta Export Conveyance,.\run\CCWD\CCWD_Ops\CCWD_Size_Pipes_Intakes.wresl
Facilities,Delta Export Conveyance,.\run\CCWD\CCWD_Ops\CCWD_MallardSlough.wresl
Facilities,Delta Export Conveyance,.\run\CCWD\CCWD_Ops\CCWD_LVFILL_OMR_TXFR.wresl
Facilities,Delta Export Conveyance,.\run\CCWD\CCWD_Ops\CCWD_LVFILL_OMR_BASE.wresl
Facilities,Delta Export Conveyance,.\run\CCWD\CCWD_Ops\CCWD_LVFILL_OMR_B2_BO.wresl
Facilities,Delta Export Conveyance,.\run\CCWD\CCWD_Ops\CCWD_LV_wytype.wresl
Facilities,Delta Export Conveyance,.\run\CCWD\CCWD_Ops\CCWD_LosVaqueros.wresl
Facilities,Delta Export Conveyance,.\run\CCWD\CCWD_Ops\CCWD_Intake_Preference.wresl
Facilities,Delta Export Conveyance,.\run\CCWD\CCWD_Ops\CCWD_flow_disaggregation.wresl
Facilities,Delta Export Conveyance,.\run\CCWD\CCWD_Ops\CCWD_Demands.wresl
Facilities,Delta Export Conveyance,.\run\CCWD\CCWD_Ops\CCWD_Delta_Diversions.wresl
Facilities,Delta Export Conveyance,.\run\CCWD\LVE\Wheeling_off.wresl
Facilities,Delta Export Conveyance,.\run\CCWD\LVE\SBWHEELING.wresl
Facilities,Delta Export Conveyance,.\run\CCWD\LVE\IO_Accounting.wresl
Facilities,Delta Export Conveyance,.\run\CCWD\LVE\Delivery_off.wresl
Facilities,Delta Export Conveyance,.\run\CCWD\WQ_Calcs\WQ_Calcs_WHEELCVC.wresl
Facilities,Delta Export Conveyance,.\run\CCWD\WQ_Calcs\WQ_Calcs_UPSTREAM.wresl
Facilities,Delta Export Conveyance,.\run\CCWD\WQ_Calcs\WQ_Calcs_TRANSFERS_STAGE1.wresl
Facilities,Delta Export Conveyance,.\run\CCWD\WQ_Calcs\WQ_Calcs_SBWHEELING.wresl
Facilities,Delta Export Conveyance,.\run\CCWD\WQ_Calcs\WQ_Calcs_MONTHLYWEIGHTED.wresl
Facilities,Delta Export Conveyance,.\run\CCWD\WQ_Calcs\WQ_Calcs_DELTA.wresl
Facilities,Delta Export Conveyance,.\run\CCWD\WQ_Calcs\WQ_Calcs_B2_BO.wresl
Facilities,San Joaquin River,
Facilities,South of Delta,
River-specific Regulatory Standards & Operations,Trinity River,.\run\NorthOfDelta\Trinity\TrinRuleCurv.wresl
River-specific Regulatory Standards & Operations,Trinity River,.\run\NorthOfDelta\Trinity\Trinitymin.wresl
River-specific Regulatory Standards & Operations,Trinity River,.\run\NorthOfDelta\Trinity\TrinityDamPower.wresl
River-specific Regulatory Standards & Operations,Trinity River,.\run\NorthOfDelta\Trinity\Trinity_import.wresl
River-specific Regulatory Standards & Operations,Trinity River,.\run\NorthOfDelta\Trinity\LewistonSpill.wresl
River-specific Regulatory Standards & Operations,Clear Creek,.\run\NorthOfDelta\Clear_Creek\clear_ck_min.wresl
River-specific Regulatory Standards & Operations,Feather River,.\run\NorthOfDelta\Feather\ThermalitoPower.wresl
River-specific Regulatory Standards & Operations,Feather River,.\run\NorthOfDelta\Feather\OroRuleCurv.wresl
River-specific Regulatory Standards & Operations,Feather River,.\run\NorthOfDelta\Feather\feather_special.wresl
River-specific Regulatory Standards & Operations,American River,.\run\NorthOfDelta\American\NimbusPower.wresl
River-specific Regulatory Standards & Operations,American River,.\run\NorthOfDelta\American\FolRuleCurv.wresl
River-specific Regulatory Standards & Operations,American River,.\run\NorthOfDelta\American\FMStandard.wresl
River-specific Regulatory Standards & Operations,American River,.\run\NorthOfDelta\American\Americanmin.wresl
River-specific Regulatory Standards & Operations,NOD,.\run\NorthOfDelta\NOD.wresl
River-specific Regulatory Standards & Operations,NOD,.\run\NorthOfDelta\Balance.wresl
River-specific Regulatory Standards & Operations,NOD,.\run\NorthOfDelta\Deliveries\SWP_Project_Del.wresl
River-specific Regulatory Standards & Operations,Sacramento River,.\run\NorthOfDelta\Sacramento\ShaRuleCurv.wresl
River-specific Regulatory Standards & Operations,Sacramento River,.\run\NorthOfDelta\Sacramento\setdailyadjmif.wresl
River-specific Regulatory Standards & Operations,Sacramento River,.\run\NorthOfDelta\Sacramento\RedBluff_bypassflow.wresl
River-specific Regulatory Standards & Operations,Sacramento River,.\run\NorthOfDelta\Sacramento\ncp_relax.wresl
River-specific Regulatory Standards & Operations,Sacramento River,.\run\NorthOfDelta\Sacramento\KeswickPower.wresl
River-specific Regulatory Standards & Operations,Sacramento River,.\run\NorthOfDelta\Sacramento\Keswickmin.wresl
River-specific Regulatory Standards & Operations,Sacramento - San Joaquin Delta,.\run\Delta\xc-gates_D1485_Up.wresl
River-specific Regulatory Standards & Operations,Sacramento - San Joaquin Delta,.\run\Delta\xc-gates.wresl
River-specific Regulatory Standards & Operations,Sacramento - San Joaquin Delta,.\run\Delta\X2_BO_WQ.wresl
River-specific Regulatory Standards & Operations,Sacramento - San Joaquin Delta,.\run\Delta\vallejo.wresl
River-specific Regulatory Standards & Operations,Sacramento - San Joaquin Delta,.\run\Delta\Split_IFTD.wresl
River-specific Regulatory Standards & Operations,Sacramento - San Joaquin Delta,.\run\Delta\SpecProjects.wresl
River-specific Regulatory Standards & Operations,Sacramento - San Joaquin Delta,.\run\Delta\SoDeltaChannels_preBDCP.wresl
River-specific Regulatory Standards & Operations,Sacramento - San Joaquin Delta,.\run\Delta\SoDeltaChannels.wresl
River-specific Regulatory Standards & Operations,Sacramento - San Joaquin Delta,.\run\Delta\riovista.wresl
River-specific Regulatory Standards & Operations,Sacramento - San Joaquin Delta,.\run\Delta\Qwest_constraint.wresl
River-specific Regulatory Standards & Operations,Sacramento - San Joaquin Delta,.\run\Delta\IF_off.wresl
River-specific Regulatory Standards & Operations,Sacramento - San Joaquin Delta,.\run\Delta\final-mrdo.wresl
River-specific Regulatory Standards & Operations,Sacramento - San Joaquin Delta,.\run\Delta\Delta_Reduced_Calls.wresl
River-specific Regulatory Standards & Operations,Sacramento - San Joaquin Delta,.\run\Delta\Delta_ANN_Reduced_Calls.wresl
River-specific Regulatory Standards & Operations,Sacramento - San Joaquin Delta,.\run\Delta\Delta_ANN.wresl
River-specific Regulatory Standards & Operations,Sacramento - San Joaquin Delta,.\run\Delta\delta-outflow.wresl
River-specific Regulatory Standards & Operations,Sacramento - San Joaquin Delta,.\run\Delta\Delta.wresl
River-specific Regulatory Standards & Operations,Sacramento - San Joaquin Delta,.\run\Delta\Chips_days.wresl
River-specific Regulatory Standards & Operations,Sacramento - San Joaquin Delta,.\run\Delta\ANN\X2req_ANN_KM.wresl
River-specific Regulatory Standards & Operations,Sacramento - San Joaquin Delta,.\run\Delta\ANN\X2days_FWS_WQ.wresl
River-specific Regulatory Standards & Operations,Sacramento - San Joaquin Delta,.\run\Delta\ANN\Victoria_intake_data_reduced_calls.wresl
River-specific Regulatory Standards & Operations,Sacramento - San Joaquin Delta,.\run\Delta\ANN\Victoria_intake_data.wresl
River-specific Regulatory Standards & Operations,Sacramento - San Joaquin Delta,.\run\Delta\ANN\RockSlough_output.wresl
River-specific Regulatory Standards & Operations,Sacramento - San Joaquin Delta,.\run\Delta\ANN\RockSlough_est.wresl
River-specific Regulatory Standards & Operations,Sacramento - San Joaquin Delta,.\run\Delta\ANN\RockSlough_data_reduced_calls.wresl
River-specific Regulatory Standards & Operations,Sacramento - San Joaquin Delta,.\run\Delta\ANN\RockSlough_data.wresl
River-specific Regulatory Standards & Operations,Sacramento - San Joaquin Delta,.\run\Delta\ANN\RockSlough_constrain.wresl
River-specific Regulatory Standards & Operations,Sacramento - San Joaquin Delta,.\run\Delta\ANN\NegCarriageOpsLimit.wresl
River-specific Regulatory Standards & Operations,Sacramento - San Joaquin Delta,.\run\Delta\ANN\MiddleRiver_data_reduced_calls.wresl
River-specific Regulatory Standards & Operations,Sacramento - San Joaquin Delta,.\run\Delta\ANN\lastX2_ANN_KM.wresl
River-specific Regulatory Standards & Operations,Sacramento - San Joaquin Delta,.\run\Delta\ANN\MiddleRiver_data.wresl
River-specific Regulatory Standards & Operations,Sacramento - San Joaquin Delta,.\run\Delta\ANN\LosVaqueros_data_reduced_calls.wresl
River-specific Regulatory Standards & Operations,Sacramento - San Joaquin Delta,.\run\Delta\ANN\LosVaqueros_data.wresl
River-specific Regulatory Standards & Operations,Sacramento - San Joaquin Delta,.\run\Delta\ANN\JerseyPoint_output.wresl
River-specific Regulatory Standards & Operations,Sacramento - San Joaquin Delta,.\run\Delta\ANN\JerseyPoint_est.wresl
River-specific Regulatory Standards & Operations,Sacramento - San Joaquin Delta,.\run\Delta\ANN\JerseyPoint_data_reduced_calls.wresl
River-specific Regulatory Standards & Operations,Sacramento - San Joaquin Delta,.\run\Delta\ANN\JerseyPoint_data.wresl
River-specific Regulatory Standards & Operations,Sacramento - San Joaquin Delta,.\run\Delta\ANN\JerseyPoint_constrain.wresl
River-specific Regulatory Standards & Operations,Sacramento - San Joaquin Delta,.\run\Delta\ANN\ExportEstimate2.wresl
River-specific Regulatory Standards & Operations,Sacramento - San Joaquin Delta,.\run\Delta\ANN\ExportEstimate1_Up.wresl
River-specific Regulatory Standards & Operations,Sacramento - San Joaquin Delta,.\run\Delta\ANN\ExportEstimate1_b2.wresl
River-specific Regulatory Standards & Operations,Sacramento - San Joaquin Delta,.\run\Delta\ANN\ExportEstimate1.wresl
River-specific Regulatory Standards & Operations,Sacramento - San Joaquin Delta,.\run\Delta\ANN\Emmaton_output.wresl
River-specific Regulatory Standards & Operations,Sacramento - San Joaquin Delta,.\run\Delta\ANN\Emmaton_est.wresl
River-specific Regulatory Standards & Operations,Sacramento - San Joaquin Delta,.\run\Delta\ANN\Emmaton_data_reduced_calls.wresl
River-specific Regulatory Standards & Operations,Sacramento - San Joaquin Delta,.\run\Delta\ANN\Emmaton_data.wresl
River-specific Regulatory Standards & Operations,Sacramento - San Joaquin Delta,.\run\Delta\ANN\Emmaton_constrain.wresl
River-specific Regulatory Standards & Operations,Sacramento - San Joaquin Delta,.\run\Delta\ANN\CVP_intake_data_reduced_calls.wresl
River-specific Regulatory Standards & Operations,Sacramento - San Joaquin Delta,.\run\Delta\ANN\CVP_intake_data.wresl
River-specific Regulatory Standards & Operations,Sacramento - San Joaquin Delta,.\run\Delta\ANN\Collins_output.wresl
River-specific Regulatory Standards & Operations,Sacramento - San Joaquin Delta,.\run\Delta\ANN\Collins_est.wresl
River-specific Regulatory Standards & Operations,Sacramento - San Joaquin Delta,.\run\Delta\ANN\Collins_data_reduced_calls.wresl
River-specific Regulatory Standards & Operations,Sacramento - San Joaquin Delta,.\run\Delta\ANN\Collins_data.wresl
River-specific Regulatory Standards & Operations,Sacramento - San Joaquin Delta,.\run\Delta\ANN\Collins_constrain.wresl
River-specific Regulatory Standards & Operations,Sacramento - San Joaquin Delta,.\run\Delta\ANN\Chipps_output.wresl
River-specific Regulatory Standards & Operations,Sacramento - San Joaquin Delta,.\run\Delta\ANN\Chipps_est.wresl
River-specific Regulatory Standards & Operations,Sacramento - San Joaquin Delta,.\run\Delta\ANN\Chipps_data_reduced_calls_D1485.wresl
River-specific Regulatory Standards & Operations,Sacramento - San Joaquin Delta,.\run\Delta\ANN\Chipps_data_reduced_calls.wresl
River-specific Regulatory Standards & Operations,Sacramento - San Joaquin Delta,.\run\Delta\ANN\Chipps_data.wresl
River-specific Regulatory Standards & Operations,Sacramento - San Joaquin Delta,.\run\Delta\ANN\Chipps_constrain.wresl
River-specific Regulatory Standards & Operations,Sacramento - San Joaquin Delta,.\run\Delta\ANN\CCFB_intake_data_reduced_calls.wresl
River-specific Regulatory Standards & Operations,Sacramento - San Joaquin Delta,.\run\Delta\ANN\CCFB_intake_data.wresl
River-specific Regulatory Standards & Operations,Sacramento - San Joaquin Delta,.\run\Delta\ANN\Antioch_output.wresl
River-specific Regulatory Standards & Operations,Sacramento - San Joaquin Delta,.\run\Delta\ANN\Antioch_est.wresl
River-specific Regulatory Standards & Operations,Sacramento - San Joaquin Delta,.\run\Delta\ANN\Antioch_data_reduced_calls_D1485.wresl
River-specific Regulatory Standards & Operations,Sacramento - San Joaquin Delta,.\run\Delta\ANN\Antioch_data_reduced_calls.wresl
River-specific Regulatory Standards & Operations,Sacramento - San Joaquin Delta,.\run\Delta\ANN\Antioch_data.wresl
River-specific Regulatory Standards & Operations,Sacramento - San Joaquin Delta,.\run\Delta\ANN\Antioch_constrain.wresl
River-specific Regulatory Standards & Operations,Sacramento - San Joaquin Delta,.\run\Delta\ANN\AnnSJRTimeseries.wresl
River-specific Regulatory Standards & Operations,Sacramento - San Joaquin Delta,.\run\Delta\ANN\AnnSJRDynamic.wresl
River-specific Regulatory Standards & Operations,Sacramento - San Joaquin Delta,.\run\Delta\ANN\AnnSacFlow.wresl
River-specific Regulatory Standards & Operations,Sacramento - San Joaquin Delta,.\run\Delta\ANN\AnnCommon.wresl
River-specific Regulatory Standards & Operations,Sacramento - San Joaquin Delta,.\run\Delta\ANN\ANN_COA_MRDO.wresl
River-specific Regulatory Standards & Operations,Sacramento - San Joaquin Delta,.\run\Export_Ops\OCT_EXP_constraint.wresl
River-specific Regulatory Standards & Operations,Sacramento - San Joaquin Delta,.\run\Export_Ops\NMFS_SALMON_BO_SJR.wresl
River-specific Regulatory Standards & Operations,Sacramento - San Joaquin Delta,.\run\Export_Ops\NMFS_SALMON_BO_Def.wresl
River-specific Regulatory Standards & Operations,Sacramento - San Joaquin Delta,.\run\Export_Ops\NMFS_SALMON_BO_DCC.wresl
River-specific Regulatory Standards & Operations,Sacramento - San Joaquin Delta,.\run\Export_Ops\NewMelonesForecast.wresl
River-specific Regulatory Standards & Operations,Sacramento - San Joaquin Delta,.\run\Export_Ops\jul_nov_prefer_td_exp.wresl
River-specific Regulatory Standards & Operations,Sacramento - San Joaquin Delta,.\run\Export_Ops\jul_aug_prefer_td_exp_BASE_INIT.wresl
River-specific Regulatory Standards & Operations,Sacramento - San Joaquin Delta,.\run\Export_Ops\jul_aug_prefer_td_exp_Base.wresl
River-specific Regulatory Standards & Operations,Sacramento - San Joaquin Delta,.\run\Export_Ops\jul_aug_prefer_td_exp_B2_BO.wresl
River-specific Regulatory Standards & Operations,Sacramento - San Joaquin Delta,.\run\Export_Ops\JonesSplit.wresl
River-specific Regulatory Standards & Operations,Sacramento - San Joaquin Delta,.\run\Export_Ops\Jones_pump_allow.wresl
River-specific Regulatory Standards & Operations,Sacramento - San Joaquin Delta,.\run\Export_Ops\Jones_limits.wresl
River-specific Regulatory Standards & Operations,Sacramento - San Joaquin Delta,.\run\Export_Ops\intertie.wresl
River-specific Regulatory Standards & Operations,Sacramento - San Joaquin Delta,.\run\Export_Ops\FWS_SMELT_BO_FallX2check.wresl
River-specific Regulatory Standards & Operations,Sacramento - San Joaquin Delta,.\run\Export_Ops\exportratio.wresl
River-specific Regulatory Standards & Operations,Sacramento - San Joaquin Delta,.\run\Export_Ops\export_ops.wresl
River-specific Regulatory Standards & Operations,Sacramento - San Joaquin Delta,.\run\Export_Ops\BanksSplit.wresl
River-specific Regulatory Standards & Operations,Sacramento - San Joaquin Delta,.\run\Export_Ops\banks_pump_allow.wresl
River-specific Regulatory Standards & Operations,Sacramento - San Joaquin Delta,.\run\Export_Ops\banks_limits.wresl
River-specific Regulatory Standards & Operations,Sacramento - San Joaquin Delta,.\run\Export_Ops\april_may_maxexport.wresl
River-specific Regulatory Standards & Operations,Sacramento - San Joaquin Delta,.\run\Export_Ops\OMR\OMR_constraint.wresl
River-specific Regulatory Standards & Operations,Sacramento - San Joaquin Delta,.\run\Export_Ops\OMR\FWS_SMELT_BO.wresl
River-specific Regulatory Standards & Operations,Sacramento - San Joaquin Delta,.\run\Export_Ops\OMR\EXP_constraint.wresl
River-specific Regulatory Standards & Operations,Sacramento - San Joaquin Delta,.\run\Export_Ops\OMR\DELTA_RPA_init.wresl
Project Operations Criteria,CVP Water Allocation,.\run\cvp_dellogic\CvpSysDeliveryLogicCycle1.wresl
Project Operations Criteria,CVP Water Allocation,.\run\cvp_dellogic\CvpSDeliveryLogicCycle1.wresl
Project Operations Criteria,CVP Water Allocation,.\run\cvp_dellogic\CVP_delivery_logic_system.wresl
Project Operations Criteria,CVP Water Allocation,.\run\cvp_dellogic\CVP_delivery_logic_south.wresl
Project Operations Criteria,CVP Water Allocation,.\run\cvp_dellogic\CVP_delivery_logic_south\Export_index_delivery_CVP.wresl
Project Operations Criteria,CVP Water Allocation,.\run\cvp_dellogic\CVP_delivery_logic_south\Delivery_carryover_split_CVP_south.wresl
Project Operations Criteria,CVP Water Allocation,.\run\cvp_dellogic\CVP_delivery_logic_south\delcar_cvp_south_B2BO.wresl
Project Operations Criteria,CVP Water Allocation,.\run\cvp_dellogic\CVP_delivery_logic_south\CVPcut_south.wresl
Project Operations Criteria,CVP Water Allocation,.\run\cvp_dellogic\CVP_delivery_logic_south\cvp_to_swp_south.wresl
Project Operations Criteria,CVP Water Allocation,.\run\cvp_dellogic\CVP_delivery_logic_south\cvp_demands_south.wresl
Project Operations Criteria,CVP Water Allocation,.\run\cvp_dellogic\CVP_delivery_logic_south\cvp_bound_del_south.wresl
Project Operations Criteria,CVP Water Allocation,.\run\cvp_dellogic\CVP_delivery_logic_south\cvp_arcsplit_south.wresl
Project Operations Criteria,CVP Water Allocation,.\run\cvp_dellogic\CVP_delivery_logic_south\cvp_arcsplit_s_cyc1.wresl
Project Operations Criteria,CVP Water Allocation,.\run\cvp_dellogic\CVP_delivery_logic_system\WSIandDI_CVP_system.wresl
Project Operations Criteria,CVP Water Allocation,.\run\cvp_dellogic\CVP_delivery_logic_system\sum_cvp_reduced_demands.wresl
Project Operations Criteria,CVP Water Allocation,.\run\cvp_dellogic\CVP_delivery_logic_system\sum_cvp_div_rqmts_system.wresl
Project Operations Criteria,CVP Water Allocation,.\run\cvp_dellogic\CVP_delivery_logic_system\sum_cvp_demands_system.wresl
Project Operations Criteria,CVP Water Allocation,.\run\cvp_dellogic\CVP_delivery_logic_system\JamesBypass_BanksCVPcapacity.wresl
Project Operations Criteria,CVP Water Allocation,.\run\cvp_dellogic\CVP_delivery_logic_system\Delivery_carryover_split_CVP_system.wresl
Project Operations Criteria,CVP Water Allocation,.\run\cvp_dellogic\CVP_delivery_logic_system\CVPcut_system.wresl
Project Operations Criteria,SWP Water Allocation,.\run\swp_dellogic\SwpDeliveryLogic_WSIDI.wresl
Project Operations Criteria,SWP Water Allocation,.\run\swp_dellogic\SwpDeliveryLogic.wresl
Project Operations Criteria,SWP Water Allocation,.\run\swp_dellogic\conveyance_limits.wresl
Project Operations Criteria,SWP Water Allocation,.\run\swp_dellogic\Allocation\swp_feather_perdel.wresl
Project Operations Criteria,SWP Water Allocation,.\run\swp_dellogic\Allocation\swp_contractor_perdel_B_WSIDI.wresl
Project Operations Criteria,SWP Water Allocation,.\run\swp_dellogic\Allocation\swp_contractor_perdel_B.wresl
Project Operations Criteria,SWP Water Allocation,.\run\swp_dellogic\Allocation\swp_contractor_perdel_A_WSIDI.wresl
Project Operations Criteria,SWP Water Allocation,.\run\swp_dellogic\Allocation\swp_contractor_perdel_A.wresl
Project Operations Criteria,SWP Water Allocation,.\run\swp_dellogic\Allocation\co_extfcn.wresl
Project Operations Criteria,SWP Water Allocation,.\run\swp_dellogic\Allocation\carryover_allocation.wresl
Project Operations Criteria,SWP Water Allocation,.\run\swp_dellogic\deliveries\swp_delivery_summary.wresl
Project Operations Criteria,SWP Water Allocation,.\run\swp_dellogic\deliveries\swp_bound_del.wresl
Project Operations Criteria,SWP Water Allocation,.\run\swp_dellogic\deliveries\sumswpdel.wresl
Project Operations Criteria,SWP Water Allocation,.\run\swp_dellogic\DEMANDS\swp_demands_s_WSIDI.wresl
Project Operations Criteria,SWP Water Allocation,.\run\swp_dellogic\DEMANDS\swp_demands_s.wresl
Project Operations Criteria,SWP Water Allocation,.\run\swp_dellogic\DEMANDS\swp_arcsplit.wresl
Project Operations Criteria,SWP Water Allocation,.\run\swp_dellogic\WSI_DI\wsi_swp.wresl
Project Operations Criteria,SWP Water Allocation,.\run\swp_dellogic\WSI_DI\export_index_swp.wresl
Project Operations Criteria,SWP Water Allocation,.\run\swp_dellogic\WSI_DI\exp_based_del_swp_s.wresl
Project Operations Criteria,SWP Water Allocation,.\run\swp_dellogic\WSI_DI\di_swp.wresl
Project Operations Criteria,SWP Water Allocation,.\run\swp_dellogic\WSI_DI\delcar_swp.wresl
Project Operations Criteria,Coordinated Operations Agreement,.\run\COA\coa_Up.wresl
Project Operations Criteria,Coordinated Operations Agreement,.\run\COA\coa_BO.wresl
Project Operations Criteria,Coordinated Operations Agreement,.\run\COA\coa.wresl
Project Operations Criteria,CVPIA(b)(2),.\run\B2Actions\BaseStudyResults.wresl
Project Operations Criteria,CVPIA(b)(2),.\run\B2Actions\B2VampCommon.wresl
Project Operations Criteria,CVPIA(b)(2),.\run\B2Actions\B2SetBaseline.wresl
Project Operations Criteria,CVPIA(b)(2),.\run\B2Actions\B2BanksFix.wresl
Project Operations Criteria,CVPIA(b)(2),.\run\B2Actions\B2ActionsDeltaRepeat.wresl
Project Operations Criteria,CVPIA(b)(2),.\run\B2Actions\B2Action7.wresl
Project Operations Criteria,CVPIA(b)(2),.\run\B2Actions\B2Action6.wresl
Project Operations Criteria,CVPIA(b)(2),.\run\B2Actions\B2Action5Repeat.wresl
Project Operations Criteria,CVPIA(b)(2),.\run\B2Actions\B2Action4Repeat.wresl
Project Operations Criteria,CVPIA(b)(2),.\run\B2Actions\B2Action3.wresl
Project Operations Criteria,CVPIA(b)(2),.\run\B2Actions\B2Action2.wresl
Project Operations Criteria,CVPIA(b)(2),.\run\B2Actions\B2Action1Repeat.wresl
Project Operations Criteria,CVPIA(b)(2),.\run\B2Actions\B2_action_CalLite.wresl
Project Operations Criteria,Wheeling,.\run\Wheeling\WheelzeroJPOD.wresl
Project Operations Criteria,Wheeling,.\run\Wheeling\WheelzeroCVC.wresl
Project Operations Criteria,Wheeling,.\run\Wheeling\WheelOpsVarDefines.wresl
Project Operations Criteria,Wheeling,.\run\Wheeling\wheelfixes_D1485.wresl
Project Operations Criteria,Wheeling,.\run\Wheeling\wheelfixes.wresl
Project Operations Criteria,Wheeling,.\run\Wheeling\WheelD1485.wresl
Project Operations Criteria,Wheeling,.\run\Wheeling\wheelcap.wresl
Project Operations Criteria,San Luis,.\run\Rulecurve\swprule.wresl
Project Operations Criteria,San Luis,.\run\Rulecurve\swpdeliv_rulecv.wresl
Project Operations Criteria,San Luis,.\run\Rulecurve\San_Luis_Levels.wresl
Project Operations Criteria,San Luis,.\run\Rulecurve\rulecurve.wresl
Project Operations Criteria,San Luis,.\run\Rulecurve\cvp_delivery_rule_curve.wresl
Project Operations Criteria,Shortage,.\run\Shortage\ShortWarning.wresl
Project Operations Criteria,Shortage,.\run\Shortage\shortage_swp.wresl
Project Operations Criteria,Shortage,.\run\Shortage\shortage_cvp_s.wresl
Project Operations Criteria,Shortage,.\run\Shortage\shortage.wresl
Project Operations Criteria,WSI - DI,.\run\wsi_di_gen\wsi_di_gen.wresl
Project Operations Criteria,WSI - DI,.\run\wsi_di_gen\CVP\wsi_di_act_CVP.wresl
Project Operations Criteria,WSI - DI,.\run\wsi_di_gen\CVP\tot_dem_CVP_s.wresl
Project Operations Criteria,WSI - DI,.\run\wsi_di_gen\CVP\tot_del_CVP_s.wresl
Project Operations Criteria,WSI - DI,.\run\wsi_di_gen\CVP\tot_del_CVP_n.wresl
Project Operations Criteria,WSI - DI,.\run\wsi_di_gen\SWP\wsi_di_act_SWP.wresl
Project Operations Criteria,WSI - DI,.\run\wsi_di_gen\SWP\interruptible_del.wresl
Project Operations Criteria,WSI - DI,.\run\wsi_di_gen\SWP\calendar_del_SWP.wresl
Others,Model Setup,.\run\main_wsidi.wresl
Others,Model Setup,.\run\main.wresl
Others,Lookup Tables,.\run\Lookup\xchanneldays.table
Others,Lookup Tables,.\run\Lookup\x2days.table
Others,Lookup Tables,.\run\Lookup\wytypeTRIN.table
Others,Lookup Tables,.\run\Lookup\wytypeSnow.table
Others,Lookup Tables,.\run\Lookup\wytypeSJRave5.table
Others,Lookup Tables,.\run\Lookup\wytypeSJR_Rest.table
Others,Lookup Tables,.\run\Lookup\wytypeSJR.table
Others,Lookup Tables,.\run\Lookup\wytypes.table
Others,Lookup Tables,.\run\Lookup\wytypeDefic.table
Others,Lookup Tables,.\run\Lookup\wytypeD1485.table
Others,Lookup Tables,.\run\Lookup\wsi_di_swp.table
Others,Lookup Tables,.\run\Lookup\wsi_di_cvp_sys.table
Others,Lookup Tables,.\run\Lookup\urban_demand3.table
Others,Lookup Tables,.\run\Lookup\urban_demand2_Fut.table
Others,Lookup Tables,.\run\Lookup\urban_demand2_Ext.table
Others,Lookup Tables,.\run\Lookup\urban_demand1_Fut.table
Others,Lookup Tables,.\run\Lookup\urban_demand1_Ext.table
Others,Lookup Tables,.\run\Lookup\trinity_level.table
Others,Lookup Tables,.\run\Lookup\trinity_import.table
Others,Lookup Tables,.\run\Lookup\swprule_deltar.table
Others,Lookup Tables,.\run\Lookup\swprule_cap_oroville.table
Others,Lookup Tables,.\run\Lookup\swpcontract.table
Others,Lookup Tables,.\run\Lookup\swp_table_a.table
Others,Lookup Tables,.\run\Lookup\swp_limits.table
Others,Lookup Tables,.\run\Lookup\swp_carryover.table
Others,Lookup Tables,.\run\Lookup\swp_a56_del.table
Others,Lookup Tables,.\run\Lookup\swp_3pattern_SLRule.table
Others,Lookup Tables,.\run\Lookup\swp_3pattern_demands_training.table
Others,Lookup Tables,.\run\Lookup\swp_3pattern_demands.table
Others,Lookup Tables,.\run\Lookup\swp_3_tablea_training.table
Others,Lookup Tables,.\run\Lookup\swp_3_tablea.table
Others,Lookup Tables,.\run\Lookup\stan_yrSteiner.table
Others,Lookup Tables,.\run\Lookup\stan_yrossjid.table
Others,Lookup Tables,.\run\Lookup\stan_yr_90.table
Others,Lookup Tables,.\run\Lookup\stan_yr.table
Others,Lookup Tables,.\run\Lookup\stan_rpa.table
Others,Lookup Tables,.\run\Lookup\stan_pulse_rpa.table
Others,Lookup Tables,.\run\Lookup\stan_pulse.table
Others,Lookup Tables,.\run\Lookup\stan_monfish.table
Others,Lookup Tables,.\run\Lookup\stan_mon.table
Others,Lookup Tables,.\run\Lookup\stan_dem.table
Others,Lookup Tables,.\run\Lookup\sjr_yt_loss.table
Others,Lookup Tables,.\run\Lookup\sjr_monthly_data_Fut.table
Others,Lookup Tables,.\run\Lookup\sjr_monthly_data_Ext.table
Others,Lookup Tables,.\run\Lookup\shasta_level634.table
Others,Lookup Tables,.\run\Lookup\shasta_level443.table
Others,Lookup Tables,.\run\Lookup\WheelCap.table
Others,Lookup Tables,.\run\Lookup\Weights.table
Others,Lookup Tables,.\run\Lookup\WaterRight_NTHRM.table
Others,Lookup Tables,.\run\Lookup\VernWQConstants.table
Others,Lookup Tables,.\run\Lookup\VernMin.table
Others,Lookup Tables,.\run\Lookup\Vern_WQ_std.table
Others,Lookup Tables,.\run\Lookup\VAMP_Req.table
Others,Lookup Tables,.\run\Lookup\VAMP_alloc_Fut.table
Others,Lookup Tables,.\run\Lookup\VAMP_alloc_Ext.table
Others,Lookup Tables,.\run\Lookup\Vallejodemand.table
Others,Lookup Tables,.\run\Lookup\USJRS_FP_REQ.table
Others,Lookup Tables,.\run\Lookup\Upper_SJR_losses.table
Others,Lookup Tables,.\run\Lookup\TuolSpills.table
Others,Lookup Tables,.\run\Lookup\TuolGWPUMP_Fut.table
Others,Lookup Tables,.\run\Lookup\TuolGWPUMP_Ext.table
Others,Lookup Tables,.\run\Lookup\TuolAllocNormal.table
Others,Lookup Tables,.\run\Lookup\Trinitymin.table
Others,Lookup Tables,.\run\Lookup\TempCtrFactor.table
Others,Lookup Tables,.\run\Lookup\TableA.table
Others,Lookup Tables,.\run\Lookup\SWP_Loss.table
Others,Lookup Tables,.\run\Lookup\Switches_FUT.table
Others,Lookup Tables,.\run\Lookup\Switches_EXT.table
Others,Lookup Tables,.\run\Lookup\StanSpills.table
Others,Lookup Tables,.\run\Lookup\StanGWPUMP.table
Others,Lookup Tables,.\run\Lookup\SRI_BP.table
Others,Lookup Tables,.\run\Lookup\SoSJRSpills.table
Others,Lookup Tables,.\run\Lookup\SoSJRGWPUMP.table
Others,Lookup Tables,.\run\Lookup\SLDR_Fut.table
Others,Lookup Tables,.\run\Lookup\SLDR_Ext.table
Others,Lookup Tables,.\run\Lookup\SJRR_Reqs_off.table
Others,Lookup Tables,.\run\Lookup\SJRR_Reqs.table
Others,Lookup Tables,.\run\Lookup\shasta_level256.table
Others,Lookup Tables,.\run\Lookup\shasta_level.table
Others,Lookup Tables,.\run\Lookup\SEWD_Sale_Mon.table
Others,Lookup Tables,.\run\Lookup\SEWD_Sale.table
Others,Lookup Tables,.\run\Lookup\seep_rates.table
Others,Lookup Tables,.\run\Lookup\salinity_std_rsl.table
Others,Lookup Tables,.\run\Lookup\salinity_std_jpt_new.table
Others,Lookup Tables,.\run\Lookup\salinity_std_emt_new.table
Others,Lookup Tables,.\run\Lookup\salinity_std_col.table
Others,Lookup Tables,.\run\Lookup\salinity_std_chs.table
Others,Lookup Tables,.\run\Lookup\salinity_std_aww.table
Others,Lookup Tables,.\run\Lookup\SacValleyIndex.table
Others,Lookup Tables,.\run\Lookup\sacramento_runoff_forecast.table
Others,Lookup Tables,.\run\Lookup\SAC_weir.table
Others,Lookup Tables,.\run\Lookup\SAC_TemperatureControl.table
Others,Lookup Tables,.\run\Lookup\S_HNSLYcarryover.table
Others,Lookup Tables,.\run\Lookup\S_ESTMNcarryover.table
Others,Lookup Tables,.\run\Lookup\S92carryover.table
Others,Lookup Tables,.\run\Lookup\riovista.table
Others,Lookup Tables,.\run\Lookup\res_level.table
Others,Lookup Tables,.\run\Lookup\res_info.table
Others,Lookup Tables,.\run\Lookup\redbluff_base.table
Others,Lookup Tables,.\run\Lookup\qwest.table
Others,Lookup Tables,.\run\Lookup\perc_UnimparedFlow.table
Others,Lookup Tables,.\run\Lookup\OMRiverFlowReqSJR.table
Others,Lookup Tables,.\run\Lookup\OMRiverFlowReq.table
Others,Lookup Tables,.\run\Lookup\OMRiverFlowEq2.table
Others,Lookup Tables,.\run\Lookup\OMRiverFlowDecDays.table
Others,Lookup Tables,.\run\Lookup\nodcvpcontract.table
Others,Lookup Tables,.\run\Lookup\NoaaVern60dayMin.table
Others,Lookup Tables,.\run\Lookup\nimbus_hist.table
Others,Lookup Tables,.\run\Lookup\NdoBassSnow.table
Others,Lookup Tables,.\run\Lookup\NdoBass.table
Others,Lookup Tables,.\run\Lookup\ndo_flow_std.table
Others,Lookup Tables,.\run\Lookup\NDD_t1.table
Others,Lookup Tables,.\run\Lookup\ncp_with_relax.table
Others,Lookup Tables,.\run\Lookup\minflow.table
Others,Lookup Tables,.\run\Lookup\Merced_GP570_ann_demand_Fut.table
Others,Lookup Tables,.\run\Lookup\Merced_GP570_ann_demand_Ext.table
Others,Lookup Tables,.\run\Lookup\Merced_FERC.table
Others,Lookup Tables,.\run\Lookup\May_snowmelt_release_pattern.table
Others,Lookup Tables,.\run\Lookup\MaxPermissible.table
Others,Lookup Tables,.\run\Lookup\maxCBD_diver.table
Others,Lookup Tables,.\run\Lookup\MarshCreekInflow.table
Others,Lookup Tables,.\run\Lookup\Mar_snowmelt_release_pattern.table
Others,Lookup Tables,.\run\Lookup\Madera_delivery_total.table
Others,Lookup Tables,.\run\Lookup\Madera_delivery_class1.table
Others,Lookup Tables,.\run\Lookup\KernGW_NODStor.table
Others,Lookup Tables,.\run\Lookup\Kern_GW_RechLim.table
Others,Lookup Tables,.\run\Lookup\JonesLimits.table
Others,Lookup Tables,.\run\Lookup\HSt_base.table
Others,Lookup Tables,.\run\Lookup\HORB_Open.table
Others,Lookup Tables,.\run\Lookup\gui_xchanneldays.table
Others,Lookup Tables,.\run\Lookup\gui_x2km.table
Others,Lookup Tables,.\run\Lookup\gui_x2active.table
Others,Lookup Tables,.\run\Lookup\GUI_SODDemand.table
Others,Lookup Tables,.\run\Lookup\GUI_SJR.table
Others,Lookup Tables,.\run\Lookup\GUI_RunBasis.table
Others,Lookup Tables,.\run\Lookup\GUI_RPAsOtherRegs.table
Others,Lookup Tables,.\run\Lookup\gui_riovista.table
Others,Lookup Tables,.\run\Lookup\GUI_Regs.table
Others,Lookup Tables,.\run\Lookup\gui_qwest.table
Others,Lookup Tables,.\run\Lookup\gui_qomr.table
Others,Lookup Tables,.\run\Lookup\GUI_Operations.table
Others,Lookup Tables,.\run\Lookup\gui_ndo_flow.table
Others,Lookup Tables,.\run\Lookup\GUI_LosVaqueros.table
Others,Lookup Tables,.\run\Lookup\GUI_HydroClimate.table
Others,Lookup Tables,.\run\Lookup\GUI_EnlargedShasta.table
Others,Lookup Tables,.\run\Lookup\gui_eisjr.table
Others,Lookup Tables,.\run\Lookup\gui_EiRatio.table
Others,Lookup Tables,.\run\Lookup\FWS_BO_A3_X2.table
Others,Lookup Tables,.\run\Lookup\FWS_BO_A3_Temp.table
Others,Lookup Tables,.\run\Lookup\FWS_BO_A3_Offramp.table
Others,Lookup Tables,.\run\Lookup\FWS_BO_A3_Bio.table
Others,Lookup Tables,.\run\Lookup\FWS_BO_A2_X2.table
Others,Lookup Tables,.\run\Lookup\frst_Oro_Apr_Jul.table
Others,Lookup Tables,.\run\Lookup\Friant_max_del.table
Others,Lookup Tables,.\run\Lookup\Friant_FC_limits.table
Others,Lookup Tables,.\run\Lookup\Friant_Evap.table
Others,Lookup Tables,.\run\Lookup\Friant_canal_losses.table
Others,Lookup Tables,.\run\Lookup\Friant_Allocation.table
Others,Lookup Tables,.\run\Lookup\fresno_seep.table
Others,Lookup Tables,.\run\Lookup\fresno_agdist.table
Others,Lookup Tables,.\run\Lookup\FRE_weir_Notch_OnOff.table
Others,Lookup Tables,.\run\Lookup\FRE_weir_Notch.table
Others,Lookup Tables,.\run\Lookup\FRE_weir_No_Notch.table
Others,Lookup Tables,.\run\Lookup\FMP_Trigger.table
Others,Lookup Tables,.\run\Lookup\FloodConservation.table
Others,Lookup Tables,.\run\Lookup\FK_delivery_total.table
Others,Lookup Tables,.\run\Lookup\FK_delivery_dist.table
Others,Lookup Tables,.\run\Lookup\FK_delivery_class1.table
Others,Lookup Tables,.\run\Lookup\FebEiRatio.table
Others,Lookup Tables,.\run\Lookup\Feb_snowmelt_release_pattern.table
Others,Lookup Tables,.\run\Lookup\feather_runoff_forecast.table
Others,Lookup Tables,.\run\Lookup\feather_fish_203.table
Others,Lookup Tables,.\run\Lookup\FAM_WHL.table
Others,Lookup Tables,.\run\Lookup\ExportEstimate_SWP.table
Others,Lookup Tables,.\run\Lookup\ExportEstimate_CVP.table
Others,Lookup Tables,.\run\Lookup\evap_est.table
Others,Lookup Tables,.\run\Lookup\EiRatio.table
Others,Lookup Tables,.\run\Lookup\eightriver.table
Others,Lookup Tables,.\run\Lookup\ECCID_Transfer.table
Others,Lookup Tables,.\run\Lookup\EC_US_Lander.table
Others,Lookup Tables,.\run\Lookup\EC_Table_WestRtn_Fut.table
Others,Lookup Tables,.\run\Lookup\EC_Table_WestRtn_Ext.table
Others,Lookup Tables,.\run\Lookup\EC_Table_Stan.table
Others,Lookup Tables,.\run\Lookup\EC_Table_MPool.table
Others,Lookup Tables,.\run\Lookup\EC_Table_EastRtn.table
Others,Lookup Tables,.\run\Lookup\EC_Creek.table
Others,Lookup Tables,.\run\Lookup\DO.table
Others,Lookup Tables,.\run\Lookup\dltidx_expidx_swp_s.table
Others,Lookup Tables,.\run\Lookup\dltidx_expidx_cvp_s.table
Others,Lookup Tables,.\run\Lookup\Demands_SNCP.table
Others,Lookup Tables,.\run\Lookup\Demands_NNCP.table
Others,Lookup Tables,.\run\Lookup\delta_index.table
Others,Lookup Tables,.\run\Lookup\delcar_cvp_sys.table
Others,Lookup Tables,.\run\Lookup\DCU_MAC.table
Others,Lookup Tables,.\run\Lookup\cvprule_sha.table
Others,Lookup Tables,.\run\Lookup\cvprule_deltar.table
Others,Lookup Tables,.\run\Lookup\cvprule_cap_shasta.table
Others,Lookup Tables,.\run\Lookup\CVPDemandPattern.table
Others,Lookup Tables,.\run\Lookup\COSMA_WWTP_PerMonth.table
Others,Lookup Tables,.\run\Lookup\ClearStability.table
Others,Lookup Tables,.\run\Lookup\clear_ck_min.table
Others,Lookup Tables,.\run\Lookup\chowchilla_seep.table
Others,Lookup Tables,.\run\Lookup\chowchilla_agdist.table
Others,Lookup Tables,.\run\Lookup\chow_max_surf.table
Others,Lookup Tables,.\run\Lookup\CCWD_OMR_CONTROL.table
Others,Lookup Tables,.\run\Lookup\CCWD_MinimizeDiv_Mar.table
Others,Lookup Tables,.\run\Lookup\CCWD_MinimizeDiv_Apr.table
Others,Lookup Tables,.\run\Lookup\CCWD_MinimizeDiv.table
Others,Lookup Tables,.\run\Lookup\CCWD_INTAKE_PREF.table
Others,Lookup Tables,.\run\Lookup\CCWD_demand_pattern.table
Others,Lookup Tables,.\run\Lookup\CCWD_ann_demand.table
Others,Lookup Tables,.\run\Lookup\CC_Demand.table
Others,Lookup Tables,.\run\Lookup\CAM_X2_PC.table
Others,Lookup Tables,.\run\Lookup\CAM_X2_CHP.table
Others,Lookup Tables,.\run\Lookup\CAM_SWPDem_SOD.table
Others,Lookup Tables,.\run\Lookup\CAM_SWPDem_NOD.table
Others,Lookup Tables,.\run\Lookup\CAM_SWPDem.table
Others,Lookup Tables,.\run\Lookup\CAM_pumping_limit.table
Others,Lookup Tables,.\run\Lookup\calaveras_seep.table
Others,Lookup Tables,.\run\Lookup\calaveras_dist.table
Others,Lookup Tables,.\run\Lookup\apr_sep_inflow_nat.table
Others,Lookup Tables,.\run\Lookup\american_runoff_forecast.table
Others,Lookup Tables,.\run\Lookup\CAM_SVI.table
Others,Lookup Tables,.\run\Lookup\CAM_SJRES.table
Others,Lookup Tables,.\run\Lookup\CAM_Oro_Apr_Jul.table
Others,Lookup Tables,.\run\Lookup\CAM_MinFlow.table
Others,Lookup Tables,.\run\Lookup\CAM_Fall.table
Others,Lookup Tables,.\run\Lookup\CAM_Exc_Level.table
Others,Lookup Tables,.\run\Lookup\CAM_DO.table
Others,Lookup Tables,.\run\Lookup\CAM_CVP.table
Others,Lookup Tables,.\run\Lookup\CAM_CalSim_DO.table
Others,Lookup Tables,.\run\Lookup\BanksLimits.table
Others,Lookup Tables,.\run\Lookup\Apr_snowmelt_release_pattern.table
Others,Lookup Tables,.\run\Lookup\AnnualReqDel_swp.table
Others,Lookup Tables,.\run\Lookup\ANNlimit.table
Others,Lookup Tables,.\run\Lookup\American_PRJ_WR_2030.table
Others,Lookup Tables,.\run\Lookup\American_PRJ_WR_2005.table
Others,Lookup Tables,.\run\Lookup\FutureDemand\TableA.table
Others,Lookup Tables,.\run\Lookup\FutureDemand\swp_table_a.table
Others,Lookup Tables,.\run\Lookup\FutureDemand\swp_limits.table
Others,Lookup Tables,.\run\Lookup\FutureDemand\swp_carryover.table
Others,Lookup Tables,.\run\Lookup\FutureDemand\swp_3pattern_SLRule.table
Others,Lookup Tables,.\run\Lookup\FutureDemand\swp_3pattern_demands.table
Others,Lookup Tables,.\run\Lookup\FutureDemand\swp_3_tablea.table
Others,Lookup Tables,.\run\Lookup\FutureDemand\AnnualReqDel_swp.table
Others,Lookup Tables,.\run\Lookup\Scenarios\BO\wsi_di_swp.table
Others,Lookup Tables,.\run\Lookup\Scenarios\BO\wsi_di_cvp_sys.table
Others,Lookup Tables,.\run\Lookup\Scenarios\BO\GUI_SJR.table
Others,Lookup Tables,.\run\Lookup\Scenarios\BO\GUI_RunBasis.table
Others,Lookup Tables,.\run\Lookup\Scenarios\BO\GUI_RPAsOtherRegs.table
Others,Lookup Tables,.\run\Lookup\Scenarios\BO\GUI_Regs.table
Others,Lookup Tables,.\run\Lookup\Scenarios\BO\GUI_Operations.table
Others,Lookup Tables,.\run\Lookup\Scenarios\BO\GUI_HydroClimate.table
Others,Lookup Tables,.\run\Lookup\Scenarios\D-1485\wsi_di_swp.table
Others,Lookup Tables,.\run\Lookup\Scenarios\D-1485\wsi_di_cvp_sys.table
Others,Lookup Tables,.\run\Lookup\Scenarios\D-1485\GUI_SJR.table
Others,Lookup Tables,.\run\Lookup\Scenarios\D-1485\GUI_RunBasis.table
Others,Lookup Tables,.\run\Lookup\Scenarios\D-1485\GUI_RPAsOtherRegs.table
Others,Lookup Tables,.\run\Lookup\Scenarios\D-1485\GUI_Regs.table
Others,Lookup Tables,.\run\Lookup\Scenarios\D-1485\GUI_Operations.table
Others,Lookup Tables,.\run\Lookup\Scenarios\D-1485\GUI_HydroClimate.table
Others,Lookup Tables,.\run\Lookup\Scenarios\D-1641\wsi_di_swp.table
Others,Lookup Tables,.\run\Lookup\Scenarios\D-1641\wsi_di_cvp_sys.table
Others,Lookup Tables,.\run\Lookup\Scenarios\D-1641\GUI_SJR.table
Others,Lookup Tables,.\run\Lookup\Scenarios\D-1641\GUI_RunBasis.table
Others,Lookup Tables,.\run\Lookup\Scenarios\D-1641\GUI_RPAsOtherRegs.table
Others,Lookup Tables,.\run\Lookup\Scenarios\D-1641\GUI_Regs.table
Others,Lookup Tables,.\run\Lookup\Scenarios\D-1641\GUI_Operations.table
Others,Lookup Tables,.\run\Lookup\Scenarios\D-1641\GUI_HydroClimate.table
Others,Lookup Tables,.\run\Lookup\VariableDemand\TableA.table
Others,Lookup Tables,.\run\Lookup\VariableDemand\swp_table_a.table
Others,Lookup Tables,.\run\Lookup\VariableDemand\swp_limits.table
Others,Lookup Tables,.\run\Lookup\VariableDemand\swp_carryover.table
Others,Lookup Tables,.\run\Lookup\VariableDemand\swp_3pattern_SLRule.table
Others,Lookup Tables,.\run\Lookup\VariableDemand\swp_3pattern_demands.table
Others,Lookup Tables,.\run\Lookup\VariableDemand\swp_3_tablea.table
Others,Lookup Tables,.\run\Lookup\VariableDemand\AnnualReqDel_swp.table
Others,Lookup Tables,.\run\Lookup\WSIDI\wsi_di_swp_D1485.table
Others,Lookup Tables,.\run\Lookup\WSIDI\wsi_di_swp_2210.table
Others,Lookup Tables,.\run\Lookup\WSIDI\wsi_di_swp_2110.table
Others,Lookup Tables,.\run\Lookup\WSIDI\wsi_di_swp_1210.table
Others,Lookup Tables,.\run\Lookup\WSIDI\wsi_di_swp_1110.table
Others,Lookup Tables,.\run\Lookup\WSIDI\wsi_di_cvp_sys_D1485.table
Others,Lookup Tables,.\run\Lookup\WSIDI\wsi_di_cvp_sys_2210.table
Others,Lookup Tables,.\run\Lookup\WSIDI\wsi_di_cvp_sys_2110.table
Others,Lookup Tables,.\run\Lookup\WSIDI\wsi_di_cvp_sys_1210.table
Others,Lookup Tables,.\run\Lookup\WSIDI\wsi_di_cvp_sys_1110.table
Others,Lookup Tables,.\run\Lookup\WSIDI\Readme.txt
Others,Others,.\run\FAM\Demands\SWP_PA.wresl
Others,Others,.\run\FAM\Demands\South_NCP_Forecasted.wresl
Others,Others,.\run\FAM\Demands\OrovilleDemands_Forecasted.wresl
Others,Others,.\run\FAM\Demands\North_NCP_Forecasted.wresl
Others,Others,.\run\FAM\Demands\FolsomDemands_Forecasted.wresl
Others,Others,.\run\FAM\Demands\CVP.wresl
Others,Others,.\run\FAM\ForecastData\Input_DLL.wresl
Others,Others,.\run\FAM\ForecastData\Debug_Input_DLL.wresl
Others,Others,.\run\FAM\ForecastData\Call_CAMDLL.wresl
Others,Others,.\run\FAM\Misc\Objective.wresl
Others,Others,.\run\FAM\Misc\GeneralInfo_Forecasted_CAMOnly2.wresl
Others,Others,.\run\FAM\Misc\General.wresl
Others,Others,.\run\FAM\network\storage.wresl
Others,Others,.\run\FAM\network\noninfeasibility.wresl
Others,Others,.\run\FAM\network\inflows_Forecasted_CAMDLL.wresl
Others,Others,.\run\FAM\network\inflows_Forecasted_90.wresl
Others,Others,.\run\FAM\network\inflows_Forecasted_75.wresl
Others,Others,.\run\FAM\network\inflows_Forecasted_50.wresl
Others,Others,.\run\FAM\network\evaporation.wresl
Others,Others,.\run\FAM\network\diversions.wresl
Others,Others,.\run\FAM\network\connectivity.wresl
Others,Others,.\run\FAM\network\channels.wresl
Others,Others,.\run\FAM\OperationsCriteria\SWP_Carryover_X.wresl
Others,Others,.\run\FAM\OperationsCriteria\IF.wresl
Others,Others,.\run\FAM\OperationsCriteria\FloodConservation.wresl
Others,Others,.\run\FAM\OperationsCriteria\CVP_Balancing.wresl
Others,Others,.\run\FAM\OperationsCriteria\Art21.wresl
Others,Others,.\run\FAM\Regulations\WYT_Forecasted_CAMDLL.wresl
Others,Others,.\run\FAM\Regulations\WYT_Forecasted_90.wresl
Others,Others,.\run\FAM\Regulations\WYT_Forecasted_75.wresl
Others,Others,.\run\FAM\Regulations\WYT_Forecasted_50.wresl
Others,Others,.\run\FAM\Regulations\SJR_IE.wresl
Others,Others,.\run\FAM\Regulations\pumping_limit.wresl
Others,Others,.\run\FAM\Regulations\OMR_moderate.wresl
Others,Others,.\run\FAM\Regulations\OMR_low.wresl
Others,Others,.\run\FAM\Regulations\MinimumFlows_Forecasted.wresl
Others,Others,.\run\FAM\Regulations\EIRatio.wresl
Others,Others,.\run\FAM\Regulations\DO_Forecasted.wresl
Others,Others,.\run\FAM\Regulations\COA.wresl
Others,Others,.\run\FAM\Regulations\BanksIncrease.wresl
Others,Others,.\run\FAM\Regulations\AprMayExport.wresl
Others,Others,.\run\FlowCriteria\RequiredFlow.wresl
Others,Others,.\run\FlowCriteria\FlowCriteria.wresl
Others,Others,.\run\FlowCriteria\ExtraWaterNeeded.wresl
Others,Others,.\run\output\swpcvpdeloutput.wresl
Others,Others,.\run\output\SV_output.wresl
Others,Others,.\run\output\SJR_cycle_output.wresl
Others,Others,.\run\output\DV_output.wresl
Others,Others,.\run\output\cycle_output_IF.wresl
Others,Others,.\run\output\cycle_output.wresl
Others,Others,.\run\Restoration\AprPartInflow.wresl
Others,Others,.\run\Assumptions\Options_Switches.wresl
Others,Others,.\run\Assumptions\assumption.wresl
Others,Others,.\run\NorthOfDelta\NOD.wresl
Others,Others,.\run\NorthOfDelta\Balance.wresl
